NAME,LATITUDE,LONGITUDE,Type
"EGMONT KEY REEF (BAY),#25",27.58283,-82.74467,Rf
"BAHIA BEACH REEF (BAY), REEF#5",27.74916667,-82.515,Rf
"BAHIA BEACH REEF (BAY), REEF#4",27.74883333,-82.515,Rf
"BAHIA BEACH REEF (BAY), REEF#3",27.7495,-82.51533333,Rf
"BAHIA BEACH REEF (BAY), REEF#2",27.74833333,-82.516,Rf
"BAHIA BEACH REEF (BAY) ,REEF#1",27.74883333,-82.51566667,Rf
BAHIA BEACH REEF (BAY),27.749,-82.51583333,Rf
WHISKEY STUMP KEY,27.8148,-82.40195,Rf
BAHIA BEACH REEF (BAY),27.74666667,-82.51466667,Rf
BAHIA BEACH REEF (BAY),27.74683333,-82.51483333,Rf
BAHIA BEACH REEF (BAY),27.74683333,-82.51466667,Rf
BAHIA BEACH REEF (BAY),27.747,-82.51516667,Rf
BAHIA BEACH REEF (BAY),27.7475,-82.51533333,Rf
BAHIA BEACH REEF (BAY),27.74816667,-82.51483333,Rf
PORT MANATEE REEF (BAY),27.66216667,-82.578,Rf
PORT MANATEE REEF (BAY),27.66283333,-82.58,Rf
PORT MANATEE REEF (BAY),27.663,-82.58033333,Rf
PORT MANATEE REEF (BAY),27.664,-82.5805,Rf
PORT MANATEE REEF (BAY),27.66416667,-82.58033333,Rf
PORT MANATEE REEF (BAY),27.66283333,-82.57983333,Rf
PORT MANATEE REEF (BAY),27.66433333,-82.58,Rf
PORT MANATEE REEF (BAY),27.66216667,-82.57766667,Rf
PORT TAMPA REEF (BAY),27.86183333,-82.56333333,Rf
PORT MANATEE REEF (BAY),27.664,-82.5785,Rf
PORT MANATEE REEF (BAY),27.66316667,-82.57766667,Rf
PORT MANATEE REEF (BAY),27.66483333,-82.58,Rf
PORT TAMPA REEF (BAY),27.86166667,-82.56333333,Rf
PORT TAMPA REEF (BAY) #6,27.86216667,-82.56316667,Rf
"EGMONT KEY REEF (BAY),#26",27.583,-82.74383333,Rf
BAHIA BEACH REEF (BAY) #5,27.7475,-82.51566667,Rf
BAHIA BEACH REEF (BAY) #4,27.74683333,-82.51583333,Rf
BAHIA BEACH REEF (BAY) #3,27.74883333,-82.51516667,Rf
"EGMONT KEY REEF (BAY),#25",27.5835,-82.742,Rf
"EGMONT KEY REEF (BAY),#24",27.58483333,-82.743,Rf
"EGMONT KEY REEF (BAY),#23",27.58466667,-82.74233333,Rf
"EGMONT KEY REEF (BAY),#22",27.5845,-82.74466667,Rf
PORT MANATEE REEF (BAY),27.66333333,-82.57966667,Rf
PORT MANATEE REEF (BAY),27.66383333,-82.57783333,Rf
PORT MANATEE REEF (BAY),27.6625,-82.58033333,Rf
BAHIA BEACH REEF (BAY) #2,27.74883333,-82.516,Rf
PORT MANATEE REEF (BAY),27.66316667,-82.58,Rf
PORT MANATEE REEF (BAY),27.66383333,-82.58,Rf
"EGMONT KEY REEF (BAY),#16",27.5845,-82.7425,Rf
"EGMONT KEY REEF (BAY),#15",27.58466667,-82.74316667,Rf
"EGMONT KEY REEF (BAY),#14",27.584,-82.74333333,Rf
"EGMONT KEY REEF (BAY),#13",27.5825,-82.74483333,Rf
"EGMONT KEY REEF (BAY), #12",27.58216667,-82.74433333,Rf
"EGMONT KEY REEF (BAY), #11",27.5825,-82.74433333,Rf
"EGMONT KEY REEF (BAY), #10",27.58183333,-82.7445,Rf
"EGMONT KEY REEF (BAY), #9",27.5845,-82.74416667,Rf
"EGMONT KEY REEF (BAY),#8",27.58416667,-82.74466667,Rf
"EGMONT KEY REEF (BAY), #7",27.584,-82.744,Rf
"EGMONT KEY REEF (BAY), #6",27.58366667,-82.744,Rf
"BAHIA BEACH REEF (BAY), #1",27.74733333,-82.51483333,Rf
"EGMONT KEY REEF (BAY), #5",27.58383333,-82.74366667,Rf
"EGMONT KEY REEF (BAY), #4",27.58416667,-82.74216667,Rf
"EGMONT KEY REEF (BAY), #3",27.584,-82.74283333,Rf
"EGMONT KEY REEF (BAY), #2",27.58433333,-82.74233333,Rf
"EGMONT KEY REEF (BAY), #1",27.58433333,-82.74416667,Rf
PORT TAMPA REEF (BAY),27.86047,-82.56316667,Rf
BAHIA BEACH REEF  (BAY),27.7485,-82.51483333,Rf
EGMONT KEY REEF,27.58333333,-82.74333333,Rf
PORT MANATEE REEF (BAY),27.6618,-82.5799,Rf
CHAMBERLAIN HIGH SCHOOL (BAY),27.86083333,-82.56333333,Rf
BAHIA BEACH REEF(BAY),27.74801667,-82.51601667,Rf
HOWARD FRANKLIN SITE (BAY),27.9105,-82.55383333,Rf
COURTNEY CAMPBELL SITE (BAY),27.9625,-82.61433333,Rf
PORT MANATEE SITE  (BAY),27.6623,-82.57905,Rf
PICNIC ISLAND PIER REEF (BAY),27.8565,-82.55333333,Rf
BAHIA BEACH REEF  (BAY),27.74888333,-82.5163,Rf
BALLAST POINT PIER (BAY),27.88788333,-82.47915,Rf
PICNIC ISLAND REEF (BAY),27.83278333,-82.5601,Rf
PORT TAMPA SITE (BAY),27.86083333,-82.564,Rf
SOUTHEAST TAMPA BAY BRIDGE REEF,27.54783,-82.67377,Rf
3 MILE NORTH BRIDGE REEF,27.4984,-82.78243,Rf
2011 FLORIDA LIMESTONEBEACH REEF SOUTH,27.45137,-82.69777,Rf
2011 FLORIDA LIMESTONEBEACH REEF NORTH,27.45308,-82.69803,Rf
"7 MILE NORTH REEF, SITE ""09-01-07""",27.539,-82.87788,Rf
"SOUTHEAST TAMPA BAY, SITE 01-07 REEFBALLS",27.54833,-82.67237,Rf
"7 MILE NORTH REEF, SITE ""07-01-05""",27.5397,-82.87907,Rf
"1 MILE REEF, SITE 05-7",27.4895,-82.73466667,Rf
"7 MILE NORTH REEF, SITE ""06-02-04""",27.53963,-82.87882,Rf
"1 MILE REEF, SITE 05-6",27.48893333,-82.73333333,Rf
"1 MILE REEF, SITE 05-5",27.48858333,-82.7335,Rf
"1 MILE REEF, SITE 05-4",27.48858333,-82.73416667,Rf
"1 MILE REEF, SITE 05-3",27.48858333,-82.73483333,Rf
"1 MILE REEF, SITE 05-2",27.48858333,-82.73583333,Rf
"1 MILE REEF, SITE 05-1",27.48893333,-82.736,Rf
"SOUTHEAST TAMPA, 04-12",27.54861667,-82.67151667,Rf
"MANATEE RIVER-EMERSON POINT,04-18",27.5306,-82.64611667,Rf
"THE BULKHEAD REEF,04-12",27.55345,-82.70613333,Rf
"1 MILE REEF, SITE 03-ER",27.49016667,-82.73466667,Rf
"1 MILE REEF, SITE 03--2",27.4899,-82.7353,Rf
"1 MILE REEF, SITE 03--1",27.49056667,-82.73593333,Rf
"1 MILE REEF, SITE 3-13",27.49043333,-82.73333333,Rf
"1 MILE REEF, SITE 3-12",27.48978333,-82.73396667,Rf
"1 MILE REEF, SITE 3-10",27.48978333,-82.73461667,Rf
"7 MILE SOUTH REEF, SITE 'P'-02-05",27.44298333,-82.8209,Rf
"7 MILE SOUTH REEF, SITE 'P'-02-06",27.44321667,-82.82025,Rf
"7 MILE SOUTH REEF, SITE 'P'-02-07",27.44425,-82.82128333,Rf
"7 MILE SOUTH REEF, SITE 'P'-02-04",27.4421,-82.82018333,Rf
"7 MILE SOUTH REEF, SITE 'P'-02-03",27.44143333,-82.8193,Rf
"7 MILE SOUTH REEF, SITE 'P'-02-08",27.4447,-82.8197,Rf
"7 MILE SOUTH REEF, SITE 'P'-02-02",27.44253333,-82.81891667,Rf
"7 MILE SOUTH REEF, SITE 'P'-02-01",27.44381667,-82.81881667,Rf
"7 MILE SOUTH REEF, SITE ER-9",27.44181667,-82.82051667,Rf
"3 MILE SOUTH REEF, SITE 'D'-01-10",27.44416667,-82.7475,Rf
"3 MILE SOUTH REEF, SITE 'D'-01-12",27.44325,-82.74751667,Rf
"3 MILE SOUTH REEF, SITE 'D'-01-13",27.44176667,-82.74763333,Rf
"3 MILE SOUTH REEF, SITE 'D'-01-4",27.44116667,-82.74793333,Rf
"3 MILE SOUTH REEF, SITE 'D'-01-5",27.44163333,-82.74846667,Rf
"3 MILE SOUTH REEF, SITE 'D'-01-6",27.44251667,-82.74846667,Rf
"3 MILE SOUTH REEF, SITE 'D'-01-7",27.44315,-82.74853333,Rf
"3 MILE SOUTH REEF, SITE 'D'-01-8",27.44375,-82.74853333,Rf
"3 MILE SOUTH REEF, SITE 'D'-01-9",27.44426667,-82.74848333,Rf
"3 MILE SOUTH REEF, SITE 'D'-01-11",27.44373333,-82.74745,Rf
"3 MILE SOUTH REEF, SITE 'D'-01-1",27.44386667,-82.74665,Rf
"3 MILE SOUTH REEF, SITE 'D'-01-2",27.43921667,-82.7466,Rf
"3 MILE SOUTH REEF, SITE 'D'-01-3",27.4413,-82.7466,Rf
"7 MILE SOUTH REEF, SITE 'C'-00-07",27.44388333,-82.81991667,Rf
"7 MILE SOUTH REEF, SITE 'C'-00-06",27.4441,-82.8201,Rf
"7 MILE SOUTH REEF, SITE 'C'-00-05",27.44145,-82.81993333,Rf
"7 MILE SOUTH REEF, SITE 'C'-00-04A",27.44253333,-82.81975,Rf
"7 MILE SOUTH REEF, SITE 'C'-00-04A",27.4425,-82.81995,Rf
"7 MILE SOUTH REEF, SITE 'C'-00-04",27.44156667,-82.81876667,Rf
"7 MILE SOUTH REEF, SITE 'C'-00-03",27.44321667,-82.81886667,Rf
"7 MILE SOUTH REEF, SITE 'C'-00-02",27.44463333,-82.81895,Rf
"7 MILE SOUTH REEF, SITE 'C'-00-01",27.44478333,-82.82108333,Rf
"3 MILE SOUTH REEF, SITE D",27.44183333,-82.74816667,Rf
"3 MILE SOUTH REEF, SITE D",27.44416667,-82.74816667,Rf
"3 MILE SOUTH REEF, SITE D",27.444,-82.74816667,Rf
"3 MILE SOUTH REEF, SITE D",27.44283333,-82.74816667,Rf
"3 MILE SOUTH REEF, SITE D",27.44333333,-82.748,Rf
"3 MILE SOUTH REEF, SITE D",27.44133333,-82.74833333,Rf
"3 MILE SOUTH REEF, SITE D",27.44383333,-82.74683333,Rf
"3 MILE SOUTH REEF, SITE D",27.44416667,-82.747,Rf
"3 MILE SOUTH REEF, SITE D",27.4415,-82.74733333,Rf
"3 MILE SOUTH REEF, SITE D",27.4425,-82.74733333,Rf
"3 MILE SOUTH REEF, SITE D",27.44183333,-82.74683333,Rf
SOUTH 3 MILE REEF,27.44216667,-82.74766667,Rf
SOUTH 3 MILE REEF,27.44316667,-82.74766667,Rf
SOUTH 3 MILE REEF,27.4435,-82.74666667,Rf
NEAR SHORE REEF,27.44968333,-82.69693333,Rf
1 MILE REEF,27.49166667,-82.73333333,Rf
3 MILE REEF SOUTH,27.44588333,-82.74641667,Rf
7 MILE REEF SOUTH,27.44508,-82.81941667,Rf
3 MILE REEF -NORTH (B REEF),27.49933333,-82.784,Rf
MISENER BARGE,27.54463333,-82.8451,Rf
1 MILE REEF,27.48431667,-82.73531667,Rf
3 MILE REEF NORTH,27.49283333,-82.78333333,Rf
7 MILE REEF NORTH,27.53693333,-82.87833333,Rf
K2 SAILBOAT,27.69595,-83.292,Rf
SILVER NAIL,27.69613333,-83.29131667,Rf
RUBE ALLYN REEF SITE 10,27.9309,-83.02195,Rf
RUBE ALLYN REEF SITE 9,27.93368333,-83.02523333,Rf
WJ SHRIMPBOAT,27.69477,-83.29245,Rf
PINELLAS SOUTH SITE #7,27.72428,-82.97367,Rf
"SAND KEY NOURISHMENT  REEF,IMR#1-10",27.89008333,-82.85398333,Rf
"SAND KEY NOURISHMENT  REEF,IMR#1-9",27.89021667,-82.85383333,Rf
"SAND KEY NOURISHMENT  REEF,IMR#1-6",27.89038333,-82.854,Rf
"SAND KEY NOURISHMENT  REEF,IMR#1-5",27.89013333,-82.8542,Rf
"SAND KEY NOURISHMENT  REEF,IMR#1-3",27.89026667,-82.85415,Rf
"SAND KEY NOURISHMENT  REEF,IMR#1-2",27.89045,-82.85415,Rf
RUBE ALLYN REEF SITE 8(2)-LOAD #16,27.93076667,-83.02461667,Rf
PINELLAS SOUTH SITE 5 (13)-LOAD #29,27.72411667,-82.97683333,Rf
RUBE ALLYN REEF SITE 8(2)-LOAD #15,27.93063333,-83.02475,Rf
RUBE ALLYN REEF SITE 8(2)-LOAD #12,27.93065,-83.02453333,Rf
PINELLAS SOUTH SITE 5 (13)-LOAD #25,27.72391667,-82.97685,Rf
RUBE ALLYN REEF SITE 8(2)-LOAD #7,27.93053333,-83.02463333,Rf
RUBE ALLYN REEF SITE 8(2)-LOAD #6,27.93061667,-83.02498333,Rf
RUBE ALLYN REEF SITE 8(1)-LOAD #2,27.9308,-83.0291,Rf
PINELLAS SOUTH SITE 5 (12)-LOAD #22,27.72413333,-82.97643,Rf
RUBE ALLYN REEF SITE 8(1)-LOAD #1,27.93046667,-83.0249,Rf
PINELLAS SOUTH SITE 5-(11)-LOAD #19,27.72426667,-82.97648333,Rf
PINELLAS SOUTH SITE 5-(11)-LOAD #18,27.72403333,-82.97658333,Rf
PINELLAS SOUTH SITE 5-(11)-LOAD #17,27.7244,-82.97656667,Rf
JOHNS PASS BRIDGE LOAD #27,27.86262,-83.02903,Rf
PINELLAS SOUTH SITE 5-(9)-LOAD #11,27.7246,-82.97671667,Rf
JOHNS PASS BRIDGE LOAD #22,27.86323333,-83.02903,Rf
JOHNS PASS BRIDGE LOAD #21,27.8648,-83.02935,Rf
JOHNS PASS BRIDGE 10 LOADS TOTAL,27.8629,-83.02875,Rf
JOHNS PASS BRIDGE LOAD #18,27.86346667,-83.02875,Rf
INDIAN SHORES REEF SITE #6(18)-LOAD 30-FWC,27.86331667,-83.0313,Rf
INDIAN SHORES REEF SITE #6(18)-LOAD 29-FWC,27.86348333,-83.03132,Rf
INDIAN SHORES REEF SITE #6(16)-LOAD 21-FWC,27.86305,-83.03167,Rf
INDIAN SHORES REEF SITE #6(16)-LOAD 20-FWC,27.86308333,-83.03233,Rf
INDIAN SHORES REEF SITE #6(15)-LOAD 19-FWC,27.86327,-83.03162,Rf
INDIAN SHORES REEF SITE #6(15)-LOAD 18-FWC,27.86333,-83.03182,Rf
INDIAN SHORES REEF SITE #6(15)LOAD 16-FWC,27.86346667,-83.03176667,Rf
INDIAN SHORES REEF BRIDGE SITE,27.86295,-83.02905,Rf
"SAND KEY NOURISHMENT  REEF,IMR#16",27.89145,-82.85372,Rf
INDIAN SHORES REEF SITE #6(9),27.86318,-83.03205,Rf
INDIAN SHORES REEF SITE #6(8),27.86285,-83.03192,Rf
"SAND KEY NOURISHMENT  REEF,IMR#15",27.9555,-82.83742,Rf
TARPON KEY OYSTER REEF #1,27.66775,-82.68993333,Rf
TARPON KEY OYSTER REEF #1,27.66568333,-82.69516667,Rf
LITTLE BIRD KEY OYSTER REEF #3,27.68508333,-82.71768333,Rf
LITTLE BIRD KEY OYSTER REEF #2,27.68525,-82.71755,Rf
LITTLE BIRD KEY OYSTER REEF #1,27.68556667,-82.71703333,Rf
SHRIMP BOAT REEF,27.69585,-83.29261667,Rf
VETERANS REEF,28.04948333,-83.01405,Rf
"PINELLAS SOUTH REEF,SITE-5",27.72483333,-82.97643333,Rf
PINELLAS SOUTH REEF,27.72478333,-82.97673333,Rf
PINELLAS SOUTH REEF,27.72271667,-82.9764,Rf
PINELLAS SOUTH REEF,27.72313333,-82.97703333,Rf
PINELLAS SOUTH REEF,27.72225,-82.97475,Rf
VETERANS REEF,28.04856667,-83.01376667,Rf
VETERANS REEF,28.04905,-83.0139,Rf
VETERANS REEF,28.04908333,-83.01368333,Rf
"SAND KEY NOURISHMENT  REEF,#2",27.89111667,-82.85371667,Rf
"SAND KEY NOURISHMENT  REEF,#2",27.8913,-82.85358333,Rf
VETERANS REEF,28.04871667,-83.01388333,Rf
VETERANS REEF,28.04883333,-83.01411667,Rf
VETERANS REEF,28.03333333,-83,Rf
VETERANS REEF,28.04883333,-83.01355,Rf
VETERANS REEF,28.04856667,-83.0135,Rf
"SAND KEY NOURISHMENT  REEF,#2",27.89108333,-82.85355,Rf
"SAND KEY NOURISHMENT  REEF,#2",27.89096667,-82.85375,Rf
"SAND KEY NOURISHMENT  REEF,#2",27.89126667,-82.85376667,Rf
VETERANS REEF,28.04873333,-83.01341667,Rf
VETERANS REEF,28.04886667,-83.01376667,Rf
RUBE ALLYN REEF,27.93191667,-83.0238,Rf
"SAND KEY NOURISHMENT  REEF,#3",27.89178333,-82.85353333,Rf
"SAND KEY NOURISHMENT  REEF,#3",27.89195,-82.85363333,Rf
"SAND KEY NOURISHMENT  REEF,#3",27.89166667,-82.85386667,Rf
VETERANS REEF,28.04833333,-83.0135,Rf
"SAND KEY NOURISHMENT  REEF,#3",27.89208333,-82.85375,Rf
"SAND KEY NOURISHMENT  REEF,#3",27.8921,-82.85355,Rf
INDIAN SHORES REEF,27.8615,-83.03098333,Rf
INDIAN SHORES REEF,27.86143333,-83.03115,Rf
"SAND KEY NOURISHMENT  REEF,#5",27.89191667,-82.85335,Rf
INDIAN SHORES REEF,27.86158333,-83.03135,Rf
RUBE ALLYN REEF,27.93206667,-83.0236,Rf
PINELLAS SOUTH REEF,27.72291667,-82.97416667,Rf
"SAND KEY NOURISHMENT  REEF,#5",27.89476667,-82.8533,Rf
INDIAN SHORES REEF,27.86171667,-83.03098333,Rf
"SAND KEY NOURISHMENT  REEF,#5",27.89463333,-82.8531,Rf
INDIAN SHORES REEF,27.8647,-83.03118333,Rf
INDIAN SHORES REEF,27.86465,-83.031,Rf
"SAND KEY NOURISHMENT  REEF,#5",27.89491667,-82.85306667,Rf
INDIAN SHORES REEF,27.86171667,-83.03118333,Rf
"PINELLAS SOUTH REEF,SITE1",27.72298333,-82.9754,Rf
"SAND KEY NOURISHMENT  REEF,#5",27.89491667,-82.85338333,Rf
"PINELLAS SOUTH REEF,SITE1",27.72315,-82.97591667,Rf
RUBE ALLYN REEF,27.9321,-83.02381667,Rf
RUBE ALLYN REEF,27.93221667,-83.02355,Rf
"PINELLAS SOUTH REEF,SITE1",27.72276667,-82.97531667,Rf
RUBE ALLYN REEF,27.93238333,-83.0238,Rf
RUBE ALLYN REEF,27.93238333,-83.0236,Rf
"PINELLAS SOUTH REEF,SITE1",27.72288333,-82.97578333,Rf
"PINELLAS SOUTH REEF,SITE1",27.723,-82.97561667,Rf
"SAND KEY NOURISHMENT  REEF,#5",27.89486667,-82.8529,Rf
"SAND KEY NOURISHMENT  REEF,#5",27.89515,-82.853,Rf
"SAND KEY NOURISHMENT  REEF,#5",27.89503333,-82.8532,Rf
"SAND KEY NOURISHMENT  REEF,1MR6",27.89666667,-82.85301667,Rf
"SAND KEY NOURISHMENT  REEF,1MR6",27.89696667,-82.85288333,Rf
VETERANS REEF,28.0444,-83.01231667,Rf
VETERANS REEF,28.0441,-83.01235,Rf
VETERANS REEF,28.04765,-83.01246667,Rf
VETERANS REEF,28.05047,-83.0124,Rf
VETERANS REEF,28.05036667,-83.01221667,Rf
VETERANS REEF,28.04773333,-83.01208333,Rf
VETERANS REEF,28.04746667,-83.01188333,Rf
NORTH COUNTY REEF (CENTER),28.00038333,-83.0129,Rf
VETERANS REEF,28.04397,-83.01256667,Rf
NORTH COUNTY REEF (NE)-A,28.05966667,-83.01011667,Rf
NORTH COUNTY REEF (NE)-A,28.05805,-83.0103,Rf
NORTH COUNTY REEF (NE)-A,28.05823333,-83.0101,Rf
NORTH COUNTY REEF (NE)-A,28.05843333,-83.01,Rf
NORTH COUNTY REEF (NE)-A,28.05841667,-83.01046667,Rf
NORTH COUNTY REEF (NE)-A,28.05775,-83.00798333,Rf
NORTH COUNTY REEF (NE)-A,28.05808333,-83.0101,Rf
NORTH COUNTY REEF (NE)-A,28.05828333,-83.01028333,Rf
NORTH COUNTY REEF (SOUTH),28.04896667,-83.01261667,Rf
NORTH COUNTY REEF (NE)-A,28.05021667,-83.0119,Rf
NORTH COUNTY REEF (CENTER),28.0496,-83.0122,Rf
NORTH COUNTY REEF (NW),28.05021667,-83.01265,Rf
VETERANS REEF (CENTER),28.04966667,-83.01235,Rf
NORTH COUNTY REEF (CENTER),28.04966667,-83.01255,Rf
CLEARWATER C SITE,28.01423333,-82.89313333,Rf
RUBE ALLYN NORTH,27.93555,-83.02221667,Rf
CLEARWATER C SITE,28.0143,-82.89281667,Rf
NORTH COUNTY REEF (NW-CORNER),28.05828333,-83.01458333,Rf
NORTH COUNTY REEF (SW-CORNER),28.0415,-83.0145,Rf
NORTH COUNTY REEF (SE-CORNER),28.04165,-83.01035,Rf
RUBE ALLYN NORTH,27.93575,-83.02253333,Rf
PINELLAS  II-BUOY SITE,27.87733333,-83.18766667,Rf
CLEARWATER C SITE,28.0145,-82.89276667,Rf
CLEARWATER C SITE,28.01413,-82.89218333,Rf
"CLEARWATER REEF SITE ""C""",28.01418333,-82.89196667,Rf
DUNEDIN REEF SITE 'j',28.05545,-82.90931667,Rf
"CLEARWATER REEF SITE ""M""",28.014,-82.89208333,Rf
DUNEDIN REEF,27.877,-83.18666667,Rf
DUNEDIN,28.05805,-82.91583333,Rf
DUNEDIN - J SITE,28.0586,-82.91555,Rf
DUNEDIN - J SITE,28.05778333,-82.91555,Rf
DUNEDIN - J SITE,28.0575,-82.91555,Rf
DUNEDIN - J SITE,28.05805,-82.91528333,Rf
RUBE ALLYN-SAND KEY BRIDGE,27.92091667,-83.02351667,Rf
RUBE ALLYN,27.9209,-83.0224,Rf
RUBE ALLYN REEF,27.92176667,-83.02168333,Rf
RUBE ALLYN REEF  -ZONE G,27.92216667,-83.02396667,Rf
RUBE ALLYN REEF - ZONE F,27.92097,-83.02468333,Rf
ST. PETERSBURG BAY REEF,27.7855,-82.59766667,Rf
RUBE ALLYN REEF - ZONE F,27.92181667,-83.02468333,Rf
ST. PETE BEACH SITE,27.67866667,-82.86383333,Rf
ST. PETE BEACH SITE,27.6785,-82.864,Rf
ST. PETE BEACH SITE,27.67883333,-82.86383333,Rf
ST. PETE BEACH SITE,27.67866667,-82.86366667,Rf
ST. PETE BEACH SITE,27.6785,-82.86383333,Rf
ST. PETE BEACH SITE,27.6785,-82.86366667,Rf
ST. PETE BEACH SITE,27.67683333,-82.86333333,Rf
ST. PETE BEACH SITE,27.67816667,-82.8635,Rf
ST. PETE BEACH SITE,27.67816667,-82.86366667,Rf
RUBE ALLYN REEF - ZONE I,27.92128333,-83.02206667,Rf
DUNEDIN REEF,28.057,-82.91083333,Rf
RUBE ALLYN,27.92566667,-83.02416667,Rf
RUBE ALLYN,27.92583333,-83.024,Rf
RUBE ALLYN,27.926,-83.02416667,Rf
DUNEDIN REEF,28.057,-82.91116667,Rf
RUBE ALLYN REEF,27.91951667,-83.02595,Rf
RUBE ALLYN REEF,27.9214,-83.02461667,Rf
TARPON SPRINGS REEF,28.1375,-82.93016667,Rf
PIER-60,27.97721667,-82.83055,Rf
MADEIRA REEF,27.77253333,-82.915,Rf
PINELLAS  II,27.87971667,-83.18585,Rf
PINELLAS  II,27.87975,-83.18518333,Rf
RUBE ALLYN,27.92895,-83.02263333,Rf
INDIAN SHORES REEF,27.85813333,-83.02926667,Rf
TARPON SPRINGS REEF,28.1371,-82.92928333,Rf
RUBE ALLYN,27.93691667,-83.02126667,Rf
PINELLAS  II,27.87985,-83.1853,Rf
TARPON SPRINGS REEF,28.13755,-82.92906667,Rf
MADEIRA REEF,27.77058333,-82.91566667,Rf
MADEIRA REEF,27.77386667,-82.9151,Rf
PINELLAS  II,27.87901667,-83.185,Rf
TARPON SPRINGS REEF,28.13665,-82.9295,Rf
MADEIRA REEF,27.77195,-82.91426667,Rf
DUNEDIN,28.0545,-82.90823333,Rf
TREASURE ISLAND,27.75275,-82.88716667,Rf
TARPON SPRINGS REEF,28.05431667,-82.90798333,Rf
PINELLAS  II,27.88021667,-83.18645,Rf
TARPON SPRINGS REEF,28.13736667,-82.92883333,Rf
TREASURE ISLAND,27.77643333,-82.9129,Rf
PINELLAS  II,27.87955,-83.18493333,Rf
TARPON SPRINGS REEF,28.13555,-82.93115,Rf
PINELLAS  II,27.88035,-83.1859,Rf
DUNEDIN,28.05713333,-82.90998333,Rf
PINELLAS  II,27.88065,-83.18626667,Rf
PINELLAS  II,27.8809,-83.18371667,Rf
DUNEDIN,28.0565,-82.90763333,Rf
PINELLAS  II,27.88113,-83.18461667,Rf
DUNEDIN,28.05558333,-82.90886667,Rf
TREASURE ISLAND,27.75218333,-82.88725,Rf
DUNEDIN,27.96511667,-82.90886667,Rf
PINELLAS  II,27.88048333,-83.18535,Rf
TARPON SPRINGS REEF,28.14201667,-82.93523333,Rf
INDIAN SHORES REEF SITE,27.85666667,-83.03,Rf
PINELLAS II REEF,27.87535,-83.1877,Rf
PINELLAS II REEF,27.87981667,-83.18596667,Rf
RUBE ALLYN,27.92765,-83.02321667,Rf
CLEARWATER REEF,27.94,-82.89692,Rf
CLEARWATER REEF,28.01361667,-82.89691667,Rf
RUBE ALLYN REEF,27.928,-83.02371667,Rf
RUBE ALLYN REEF,27.92751667,-83.0231,Rf
RUBE ALLYN REEF,27.9287,-83.02308333,Rf
RUBE ALLYN REEF,27.92915,-83.02288333,Rf
PINELLAS II REEF,27.87978333,-83.18663333,Rf
PINELLAS II REEF,27.87901667,-83.18711667,Rf
ST. PETE BEACH SITE,27.67666667,-82.8625,Rf
MADEIRA REEF,27.77166667,-82.915,Rf
RUBE ALLYN REEF,27.92842,-83.0234,Rf
PINELLAS II - BLACKTHORN,27.87616667,-83.188,Rf
CLEARWATER REEF,28.02598333,-82.88205,Rf
TARPON SPRINGS REEF,28.13521667,-82.9325,Rf
TARPON SPRINGS REEF,28.13646667,-82.93008333,Rf
CLEARWATER REEF,28.0145,-82.89536667,Rf
RUBE ALLYN REEF,28.04341667,-82.92601667,Rf
CLEARWATER REEF,28.015867,-82.895,Rf
RUBE ALLYN REEF,27.93545,-83.02323333,Rf
CLEARWATER REEF,28.01021667,-82.89453333,Rf
DUNEDIN REEF,28.0556,-82.91051667,Rf
DUNEDIN REEF,28.05406667,-82.91075,Rf
CLEARWATER REEF,28.01531667,-82.88908333,Rf
DUNEDIN REEF,28.05333333,-82.90916667,Rf
TREASURE ISLAND REEF,27.74166667,-82.88083333,Rf
TREASURE ISLAND II-SOUTHWEST CLUSTER,27.69356667,-83.29156667,Rf
TREASURE ISLAND II-CENTER CLUSTER,27.69411667,-83.29093333,Rf
TREASURE ISLAND II-SOUTHEAST CLUSTER,27.69368333,-83.29028333,Rf
TREASURE ISLAND II-NORTHEAST CLUSTER,27.6948,-83.29066667,Rf
TREASURE ISLAND II-NORTHWEST CLUSTER,27.69483333,-83.29138333,Rf
OLD BAY WAY BRIDGE REEF #2,27.72145,-82.97647,Rf
OLD BAY WAY BRIDGE REEF #3,27.72145,-82.97397,Rf
OLD BAY WAY BRIDGE REEF #1,27.72145,-82.97522,Rf
INDIAN SHORES CENTER CLUSTER,27.86065,-83.02936667,Rf
INDIAN SHORES SOUTHEAST CLUSTER,27.85995,-83.02895,Rf
INDIAN SHORES SOUTHWEST CLUSTER,27.85986667,-83.0303,Rf
INDIAN SHORES NORTHEAST CLUSTER,27.86111667,-83.02885,Rf
INDIAN SHORES NORTHWEST CLUSTER,27.86101667,-83.03033333,Rf
